signal,position,position_change,actual_return,gross_return,transaction_cost,net_return,cumulative_return
0,0,0,-0.0013862439343656,-0.0,0.0,-0.0,0.0
0,0,0,-0.0084170366738326,-0.0,0.0,-0.0,0.0
0,0,0,-0.0191297837626551,-0.0,0.0,-0.0,0.0
0,0,0,-0.0144955451964172,-0.0,0.0,-0.0,0.0
0,0,0,0.010596056236095,0.0,0.0,0.0,0.0
0,0,0,-0.0093689577471096,-0.0,0.0,-0.0,0.0
0,0,0,-0.0111252365902478,-0.0,0.0,-0.0,0.0
0,0,0,-0.0080112468117568,-0.0,0.0,-0.0,0.0
0,0,0,0.0008296435094018,0.0,0.0,0.0,0.0
0,0,0,-0.0107927701532251,-0.0,0.0,-0.0,0.0
0,0,0,0.0009082267321149,0.0,0.0,0.0,0.0
0,0,0,-0.0061619780006276,-0.0,0.0,-0.0,0.0
0,0,0,-0.001249094195535,-0.0,0.0,-0.0,0.0
0,0,0,0.0041906289115492,0.0,0.0,0.0,0.0
0,0,0,-0.0014098990873224,-0.0,0.0,-0.0,0.0
0,0,0,0.0002164116409689,0.0,0.0,0.0,0.0
0,0,0,0.0121187350172494,0.0,0.0,0.0,0.0
0,0,0,-0.0024448484901029,-0.0,0.0,-0.0,0.0
0,0,0,-0.004403967731289,-0.0,0.0,-0.0,0.0
0,0,0,-0.0076169190665124,-0.0,0.0,-0.0,0.0
0,0,0,0.0019940337113689,0.0,0.0,0.0,0.0
0,0,0,-0.0029760138444464,-0.0,0.0,-0.0,0.0
0,0,0,0.0020711953178864,0.0,0.0,0.0,0.0
0,0,0,0.0028391081338538,0.0,0.0,0.0,0.0
-1,-1,-1,-0.0061999441529537,0.0061999441529537,0.005,0.0011999441529536997,0.001199944152953769
0,0,1,0.0049543868262164,0.0,0.005,-0.005,-0.0038060555678109953
0,0,0,0.0006955499768797,0.0,0.0,0.0,-0.0038060555678109953
-1,-1,-1,-0.0021999575375508,0.0021999575375508,0.005,-0.0028000424624492,-0.006595440913055972
0,0,1,-0.0041481087549103,-0.0,0.005,-0.005,-0.011562463708490678
0,0,0,-0.0031822861205275,-0.0,0.0,-0.0,-0.011562463708490678
-1,-1,-1,-0.0104528118479263,0.0104528118479263,0.005,0.0054528118479263,-0.006172699799665282
-1,-1,0,0.003513665529713,-0.003513665529713,0.0,-0.003513665529713,-0.009664676526866978
0,0,1,-0.0026451665984865,-0.0,0.005,-0.005,-0.014616353144232597
0,0,0,-0.0032764632477853,-0.0,0.0,-0.0,-0.014616353144232597
0,0,0,0.005866662757424,0.0,0.0,0.0,-0.014616353144232597
0,0,0,-0.003783572991923,-0.0,0.0,-0.0,-0.014616353144232597
0,0,0,-0.0080887992309479,-0.0,0.0,-0.0,-0.014616353144232597
0,0,0,0.0086782778470389,0.0,0.0,0.0,-0.014616353144232597
0,0,0,0.0013077641373578,0.0,0.0,0.0,-0.014616353144232597
0,0,0,-0.0047670711119262,-0.0,0.0,-0.0,-0.014616353144232597
0,0,0,0.0129716613823472,0.0,0.0,0.0,-0.014616353144232597
0,0,0,-0.011337763267581,-0.0,0.0,-0.0,-0.014616353144232597
0,0,0,-0.0114798508877156,-0.0,0.0,-0.0,-0.014616353144232597
0,0,0,-0.0040655172360723,-0.0,0.0,-0.0,-0.014616353144232597
0,0,0,0.0021628315405654,0.0,0.0,0.0,-0.014616353144232597
0,0,0,-0.0039248803441819,-0.0,0.0,-0.0,-0.014616353144232597
0,0,0,0.0021332459830867,0.0,0.0,0.0,-0.014616353144232597
0,0,0,0.0040193160464641,0.0,0.0,0.0,-0.014616353144232597
-1,-1,-1,-0.0050593053929263,0.0050593053929263,0.005,5.930539292629995e-05,-0.014557914579872655
0,0,1,-0.006305380289849,-0.0,0.005,-0.005,-0.019485125006973303
1,1,1,-0.0059443271955412,-0.0059443271955412,0.005,-0.0109443271955412,-0.030216200618992106
0,0,-1,-0.0114992215638605,-0.0,0.005,-0.005,-0.0350651196158972
0,0,0,-0.0104364364983652,-0.0,0.0,-0.0,-0.0350651196158972
1,1,1,-0.0027503340316207,-0.0027503340316207,0.005,-0.0077503340316207,-0.04254368725763602
0,0,-1,0.0020477472093687,0.0,0.005,-0.005,-0.047330968821347796
0,0,0,0.000726956259921,0.0,0.0,0.0,-0.047330968821347796
0,0,0,0.0035484577757113,0.0,0.0,0.0,-0.047330968821347796
0,0,0,-0.0009719172276838,-0.0,0.0,-0.0,-0.047330968821347796
0,0,0,0.0010002103414148,0.0,0.0,0.0,-0.047330968821347796
0,0,0,-0.0071334650213786,-0.0,0.0,-0.0,-0.047330968821347796
0,0,0,-0.0021056200650568,-0.0,0.0,-0.0,-0.047330968821347796
0,0,0,0.0058871109337143,0.0,0.0,0.0,-0.047330968821347796
0,0,0,-0.0036551710284699,-0.0,0.0,-0.0,-0.047330968821347796
0,0,0,0.003119348420193,0.0,0.0,0.0,-0.047330968821347796
0,0,0,-0.003279646897665,-0.0,0.0,-0.0,-0.047330968821347796
0,0,0,0.0001909196844609,0.0,0.0,0.0,-0.047330968821347796
0,0,0,-0.0022087576920024,-0.0,0.0,-0.0,-0.047330968821347796
0,0,0,0.0015406910565529,0.0,0.0,0.0,-0.047330968821347796
0,0,0,-0.0070307950319833,-0.0,0.0,-0.0,-0.047330968821347796
0,0,0,0.0013163804598293,0.0,0.0,0.0,-0.047330968821347796
0,0,0,0.0003857624450861,0.0,0.0,0.0,-0.047330968821347796
0,0,0,0.0010239002535009,0.0,0.0,0.0,-0.047330968821347796
0,0,0,0.0102915788414182,0.0,0.0,0.0,-0.047330968821347796
0,0,0,-0.0030672191741534,-0.0,0.0,-0.0,-0.047330968821347796
0,0,0,-0.0016871481731218,-0.0,0.0,-0.0,-0.047330968821347796
0,0,0,0.0069930349552169,0.0,0.0,0.0,-0.047330968821347796
0,0,0,0.0035156773259965,0.0,0.0,0.0,-0.047330968821347796
0,0,0,-0.000200013941511,-0.0,0.0,-0.0,-0.047330968821347796
0,0,0,-0.0061644320802347,-0.0,0.0,-0.0,-0.047330968821347796
0,0,0,0.0028338178346974,0.0,0.0,0.0,-0.047330968821347796
0,0,0,-0.0018483387688504,-0.0,0.0,-0.0,-0.047330968821347796
0,0,0,0.0031324627902872,0.0,0.0,0.0,-0.047330968821347796
0,0,0,-0.0044662003973597,-0.0,0.0,-0.0,-0.047330968821347796
0,0,0,0.0083688323346236,0.0,0.0,0.0,-0.047330968821347796
0,0,0,0.0059854299698354,0.0,0.0,0.0,-0.047330968821347796
0,0,0,-0.0078267830085773,-0.0,0.0,-0.0,-0.047330968821347796
0,0,0,0.0007902166070633,0.0,0.0,0.0,-0.047330968821347796
0,0,0,-0.0049795104942915,-0.0,0.0,-0.0,-0.047330968821347796
0,0,0,-0.0032643959141716,-0.0,0.0,-0.0,-0.047330968821347796
0,0,0,-0.0167170636524586,-0.0,0.0,-0.0,-0.047330968821347796
0,0,0,-0.0090003139647966,-0.0,0.0,-0.0,-0.047330968821347796
0,0,0,-0.0152338690301977,-0.0,0.0,-0.0,-0.047330968821347796
0,0,0,-0.0056530610395073,-0.0,0.0,-0.0,-0.047330968821347796
0,0,0,0.0018224770708198,0.0,0.0,0.0,-0.047330968821347796
0,0,0,0.0043537760199882,0.0,0.0,0.0,-0.047330968821347796
0,0,0,-0.0046355593007716,-0.0,0.0,-0.0,-0.047330968821347796
0,0,0,0.0018724550337666,0.0,0.0,0.0,-0.047330968821347796
0,0,0,9.775571324485612e-07,0.0,0.0,0.0,-0.047330968821347796
0,0,0,0.0024954378478303,0.0,0.0,0.0,-0.047330968821347796
0,0,0,0.0054445117157599,0.0,0.0,0.0,-0.047330968821347796
0,0,0,-0.0109409830344294,-0.0,0.0,-0.0,-0.047330968821347796
1,1,1,0.0024065942372993,0.0024065942372993,0.005,-0.0025934057627007,-0.04980162617675299
0,0,-1,-0.0046221181663654,-0.0,0.005,-0.005,-0.054552618045869194
0,0,0,-0.0067489362513249,-0.0,0.0,-0.0,-0.054552618045869194
0,0,0,0.0007690184494574,0.0,0.0,0.0,-0.054552618045869194
0,0,0,-0.0006483315017979,-0.0,0.0,-0.0,-0.054552618045869194
0,0,0,-0.0087679150024207,-0.0,0.0,-0.0,-0.054552618045869194
0,0,0,0.002280360056689,0.0,0.0,0.0,-0.054552618045869194
0,0,0,-0.00817684306315,-0.0,0.0,-0.0,-0.054552618045869194
0,0,0,0.0035719547968932,0.0,0.0,0.0,-0.054552618045869194
0,0,0,-0.003930752264879,-0.0,0.0,-0.0,-0.054552618045869194
0,0,0,-0.0018981608458526,-0.0,0.0,-0.0,-0.054552618045869194
0,0,0,-0.0048886647485869,-0.0,0.0,-0.0,-0.054552618045869194
0,0,0,-0.0045919105369056,-0.0,0.0,-0.0,-0.054552618045869194
0,0,0,0.0025816318464844,0.0,0.0,0.0,-0.054552618045869194
0,0,0,-0.004678810769726,-0.0,0.0,-0.0,-0.054552618045869194
0,0,0,-0.0055785305239021,-0.0,0.0,-0.0,-0.054552618045869194
0,0,0,0.0039455210065213,0.0,0.0,0.0,-0.054552618045869194
0,0,0,-0.0021595240566195,-0.0,0.0,-0.0,-0.054552618045869194
0,0,0,-0.0049676224861427,-0.0,0.0,-0.0,-0.054552618045869194
0,0,0,-0.0005092980421569,-0.0,0.0,-0.0,-0.054552618045869194
0,0,0,0.0005146093316292,0.0,0.0,0.0,-0.054552618045869194
0,0,0,-0.0011799544388008,-0.0,0.0,-0.0,-0.054552618045869194
0,0,0,0.0031083257007854,0.0,0.0,0.0,-0.054552618045869194
0,0,0,0.0053417202402856,0.0,0.0,0.0,-0.054552618045869194
0,0,0,-0.0058242402756513,-0.0,0.0,-0.0,-0.054552618045869194
0,0,0,0.0010645276243408,0.0,0.0,0.0,-0.054552618045869194
0,0,0,-0.003679157388053,-0.0,0.0,-0.0,-0.054552618045869194
0,0,0,0.000209835240967,0.0,0.0,0.0,-0.054552618045869194
0,0,0,-0.0017974906068298,-0.0,0.0,-0.0,-0.054552618045869194
0,0,0,0.0034486713435744,0.0,0.0,0.0,-0.054552618045869194
0,0,0,0.0114595978899675,0.0,0.0,0.0,-0.054552618045869194
0,0,0,-0.005170882013272,-0.0,0.0,-0.0,-0.054552618045869194
0,0,0,-0.0003183967034548,-0.0,0.0,-0.0,-0.054552618045869194
0,0,0,0.0036061247528904,0.0,0.0,0.0,-0.054552618045869194
0,0,0,-0.0016295120776504,-0.0,0.0,-0.0,-0.054552618045869194
0,0,0,-0.0016673914373265,-0.0,0.0,-0.0,-0.054552618045869194
0,0,0,-0.0063719917226331,-0.0,0.0,-0.0,-0.054552618045869194
0,0,0,-0.0046577044696649,-0.0,0.0,-0.0,-0.054552618045869194
0,0,0,-0.0006691346653069,-0.0,0.0,-0.0,-0.054552618045869194
0,0,0,-0.000849770857618,-0.0,0.0,-0.0,-0.054552618045869194
0,0,0,-0.0045688884088861,-0.0,0.0,-0.0,-0.054552618045869194
0,0,0,-0.0043929343163595,-0.0,0.0,-0.0,-0.054552618045869194
0,0,0,-0.0033081874641727,-0.0,0.0,-0.0,-0.054552618045869194
0,0,0,0.0040524129422336,0.0,0.0,0.0,-0.054552618045869194
0,0,0,0.0060666741817955,0.0,0.0,0.0,-0.054552618045869194
0,0,0,-0.0101099621326465,-0.0,0.0,-0.0,-0.054552618045869194
1,1,1,0.0080876464468372,0.0080876464468372,0.005,0.0030876464468371995,-0.05163341079630701
0,0,-1,-0.0003218040411337,-0.0,0.005,-0.005,-0.0563752437423255
0,0,0,-0.0007826088068852,-0.0,0.0,-0.0,-0.0563752437423255
0,0,0,-0.0004680796080802,-0.0,0.0,-0.0,-0.0563752437423255
1,1,1,0.0022205645126358,0.0022205645126358,0.005,-0.0027794354873642,-0.05899798787662347
0,0,-1,-0.0083058034139737,-0.0,0.005,-0.005,-0.06370299793724032
0,0,0,-0.0134652849622359,-0.0,0.0,-0.0,-0.06370299793724032
0,0,0,0.0009056633696012,0.0,0.0,0.0,-0.06370299793724032
0,0,0,-0.0028891520749483,-0.0,0.0,-0.0,-0.06370299793724032
0,0,0,0.0028483292130493,0.0,0.0,0.0,-0.06370299793724032
0,0,0,-0.0075683681673028,-0.0,0.0,-0.0,-0.06370299793724032
0,0,0,-0.0001931458016272,-0.0,0.0,-0.0,-0.06370299793724032
0,0,0,0.0077685757124507,0.0,0.0,0.0,-0.06370299793724032
0,0,0,-0.0073443147826403,-0.0,0.0,-0.0,-0.06370299793724032
0,0,0,-0.0032734719452297,-0.0,0.0,-0.0,-0.06370299793724032
0,0,0,0.0023036589239045,0.0,0.0,0.0,-0.06370299793724032
0,0,0,-0.001368112972246,-0.0,0.0,-0.0,-0.06370299793724032
0,0,0,-0.0029796538164743,-0.0,0.0,-0.0,-0.06370299793724032
0,0,0,0.0102816351514329,0.0,0.0,0.0,-0.06370299793724032
0,0,0,-0.0073023248773794,-0.0,0.0,-0.0,-0.06370299793724032
0,0,0,0.0013170870017955,0.0,0.0,0.0,-0.06370299793724032
0,0,0,0.0053888236187665,0.0,0.0,0.0,-0.06370299793724032
0,0,0,-0.0059489206725767,-0.0,0.0,-0.0,-0.06370299793724032
0,0,0,-0.003505892515303,-0.0,0.0,-0.0,-0.06370299793724032
0,0,0,-0.0039459891703729,-0.0,0.0,-0.0,-0.06370299793724032
0,0,0,0.002415192821227,0.0,0.0,0.0,-0.06370299793724032
0,0,0,0.0016460949172731,0.0,0.0,0.0,-0.06370299793724032
0,0,0,-0.0019207489115146,-0.0,0.0,-0.0,-0.06370299793724032
0,0,0,-0.0029292023741184,-0.0,0.0,-0.0,-0.06370299793724032
0,0,0,0.0059555130085656,0.0,0.0,0.0,-0.06370299793724032
0,0,0,-0.0022668168040304,-0.0,0.0,-0.0,-0.06370299793724032
0,0,0,-0.0011228112677595,-0.0,0.0,-0.0,-0.06370299793724032
0,0,0,0.0086216076729828,0.0,0.0,0.0,-0.06370299793724032
0,0,0,0.0022442783756849,0.0,0.0,0.0,-0.06370299793724032
0,0,0,-0.0024591636867789,-0.0,0.0,-0.0,-0.06370299793724032
0,0,0,0.0089495300202928,0.0,0.0,0.0,-0.06370299793724032
0,0,0,0.0028803547497774,0.0,0.0,0.0,-0.06370299793724032
0,0,0,0.003740568395085,0.0,0.0,0.0,-0.06370299793724032
0,0,0,-0.0006737881073508,-0.0,0.0,-0.0,-0.06370299793724032
0,0,0,5.518224337481138e-05,0.0,0.0,0.0,-0.06370299793724032
0,0,0,-0.0026530063431246,-0.0,0.0,-0.0,-0.06370299793724032
0,0,0,0.0094063884173328,0.0,0.0,0.0,-0.06370299793724032
0,0,0,0.0143374383044031,0.0,0.0,0.0,-0.06370299793724032
0,0,0,0.0031544766550398,0.0,0.0,0.0,-0.06370299793724032
0,0,0,0.0082919254180551,0.0,0.0,0.0,-0.06370299793724032
0,0,0,-0.0046205034042713,-0.0,0.0,-0.0,-0.06370299793724032
0,0,0,0.003058926946508,0.0,0.0,0.0,-0.06370299793724032
0,0,0,-0.0081967876801236,-0.0,0.0,-0.0,-0.06370299793724032
0,0,0,0.0087386633773856,0.0,0.0,0.0,-0.06370299793724032
0,0,0,0.0120997856751969,0.0,0.0,0.0,-0.06370299793724032
0,0,0,-0.0017102584340095,-0.0,0.0,-0.0,-0.06370299793724032
0,0,0,-0.0007847441118927,-0.0,0.0,-0.0,-0.06370299793724032
0,0,0,-0.0013425724133289,-0.0,0.0,-0.0,-0.06370299793724032
0,0,0,-0.0101304909764507,-0.0,0.0,-0.0,-0.06370299793724032
0,0,0,-0.0028933903958616,-0.0,0.0,-0.0,-0.06370299793724032
0,0,0,0.0002073130228613,0.0,0.0,0.0,-0.06370299793724032
0,0,0,0.0056662261413323,0.0,0.0,0.0,-0.06370299793724032
0,0,0,0.0033057719884125,0.0,0.0,0.0,-0.06370299793724032
-1,-1,-1,-0.0030390431382622,0.0030390431382622,0.005,-0.0019609568617378003,-0.06553903596805988
0,0,1,0.0002024853359651,0.0,0.005,-0.005,-0.07021134078821956
1,1,1,0.0013932826710198,0.0013932826710198,0.005,-0.0036067173289802,-0.07356482565768796
0,0,-1,-0.0046192637835263,-0.0,0.005,-0.005,-0.07819700152939957
0,0,0,0.0069245782968059,0.0,0.0,0.0,-0.07819700152939957
0,0,0,-0.0010421272064672,-0.0,0.0,-0.0,-0.07819700152939957
0,0,0,0.0048691958841949,0.0,0.0,0.0,-0.07819700152939957
0,0,0,0.0008943275511566,0.0,0.0,0.0,-0.07819700152939957
0,0,0,-0.0028544118215983,-0.0,0.0,-0.0,-0.07819700152939957
0,0,0,0.0004075885913474,0.0,0.0,0.0,-0.07819700152939957
0,0,0,-0.004712097660447,-0.0,0.0,-0.0,-0.07819700152939957
0,0,0,-0.0010047217763925,-0.0,0.0,-0.0,-0.07819700152939957
0,0,0,-0.0095229216571023,-0.0,0.0,-0.0,-0.07819700152939957
-1,-1,-1,-0.0097137314288702,0.0097137314288702,0.005,0.004713731428870199,-0.07385186976428204
0,0,1,-0.0026088094335035,-0.0,0.005,-0.005,-0.07848261041546067
0,0,0,-0.0179601189567064,-0.0,0.0,-0.0,-0.07848261041546067
0,0,0,0.003508641423571,0.0,0.0,0.0,-0.07848261041546067
0,0,0,-0.0035129627100053,-0.0,0.0,-0.0,-0.07848261041546067
0,0,0,-0.008114377825744,-0.0,0.0,-0.0,-0.07848261041546067
0,0,0,-0.0025640406346024,-0.0,0.0,-0.0,-0.07848261041546067
-1,-1,-1,0.0016318560579697,-0.0016318560579697,0.005,-0.0066318560579697,-0.08459398109810135
0,0,1,-0.0054866206842743,-0.0,0.005,-0.005,-0.08917101119261084
0,0,0,0.0022688511627339,0.0,0.0,0.0,-0.08917101119261084
0,0,0,0.0073562697209012,0.0,0.0,0.0,-0.08917101119261084
1,1,1,0.007609434168981,0.007609434168981,0.005,0.002609434168981,-0.08679426290711834
0,0,-1,-0.004333073840188,-0.0,0.005,-0.005,-0.09136029159258274
0,0,0,-0.0118146358174908,-0.0,0.0,-0.0,-0.09136029159258274
0,0,0,-0.005937522161983,-0.0,0.0,-0.0,-0.09136029159258274
0,0,0,0.0041894950537591,0.0,0.0,0.0,-0.09136029159258274
0,0,0,0.0022244787945465,0.0,0.0,0.0,-0.09136029159258274
0,0,0,0.0013561264602945,0.0,0.0,0.0,-0.09136029159258274
0,0,0,-0.0094466413207635,-0.0,0.0,-0.0,-0.09136029159258274
0,0,0,-0.0005140595932975,-0.0,0.0,-0.0,-0.09136029159258274
0,0,0,-0.0066996081826382,-0.0,0.0,-0.0,-0.09136029159258274
0,0,0,-0.0050618256239092,-0.0,0.0,-0.0,-0.09136029159258274
0,0,0,-0.002447416413843,-0.0,0.0,-0.0,-0.09136029159258274
-1,-1,-1,-0.0120138796244076,0.0120138796244076,0.005,0.0070138796244076,-0.08498720205585619
0,0,1,-0.0047298405589145,-0.0,0.005,-0.005,-0.08956226604557693
0,0,0,-0.0083561554435272,-0.0,0.0,-0.0,-0.08956226604557693
0,0,0,0.0046927484072082,0.0,0.0,0.0,-0.08956226604557693
0,0,0,0.0024599709302029,0.0,0.0,0.0,-0.08956226604557693
0,0,0,-0.0056728057163284,-0.0,0.0,-0.0,-0.08956226604557693
0,0,0,-0.0039294840376313,-0.0,0.0,-0.0,-0.08956226604557693
0,0,0,-0.0056764539375032,-0.0,0.0,-0.0,-0.08956226604557693
0,0,0,-0.0061376877330501,-0.0,0.0,-0.0,-0.08956226604557693
0,0,0,0.000158991776951,0.0,0.0,0.0,-0.08956226604557693
0,0,0,-0.0093915201296178,-0.0,0.0,-0.0,-0.08956226604557693
0,0,0,0.0024426672542859,0.0,0.0,0.0,-0.08956226604557693
0,0,0,-0.0030241135368878,-0.0,0.0,-0.0,-0.08956226604557693
0,0,0,0.0014356830643762,0.0,0.0,0.0,-0.08956226604557693
0,0,0,-0.0016889261056388,-0.0,0.0,-0.0,-0.08956226604557693
0,0,0,-0.0031959964313485,-0.0,0.0,-0.0,-0.08956226604557693
0,0,0,-0.0089819772056305,-0.0,0.0,-0.0,-0.08956226604557693
0,0,0,0.0062017764303263,0.0,0.0,0.0,-0.08956226604557693
0,0,0,0.0011997312220283,0.0,0.0,0.0,-0.08956226604557693
0,0,0,0.007346704023945,0.0,0.0,0.0,-0.08956226604557693
0,0,0,-0.0049775143288671,-0.0,0.0,-0.0,-0.08956226604557693
0,0,0,-0.0023957614265355,-0.0,0.0,-0.0,-0.08956226604557693
0,0,0,-0.011817842128776,-0.0,0.0,-0.0,-0.08956226604557693
0,0,0,-0.0014654536631833,-0.0,0.0,-0.0,-0.08956226604557693
0,0,0,-0.0036097212818895,-0.0,0.0,-0.0,-0.08956226604557693
0,0,0,-0.0140654085642606,-0.0,0.0,-0.0,-0.08956226604557693
0,0,0,0.0075393165167583,0.0,0.0,0.0,-0.08956226604557693
-1,-1,-1,-0.0083857173688159,0.0083857173688159,0.005,0.0033857173688159005,-0.08647978119650213
-1,-1,0,-0.010762392522651,0.010762392522651,0.0,0.010762392522651,-0.07664811802436089
0,0,1,0.0070367125597806,0.0,0.005,-0.005,-0.08126487743423905
0,0,0,0.0066770683644518,0.0,0.0,0.0,-0.08126487743423905
0,0,0,-0.0018996318269187,-0.0,0.0,-0.0,-0.08126487743423905
0,0,0,-0.0037621319029138,-0.0,0.0,-0.0,-0.08126487743423905
-1,-1,-1,-0.0059791815715754,0.0059791815715754,0.005,0.0009791815715753998,-0.08036526893306362
0,0,1,-0.0082662913214639,-0.0,0.005,-0.005,-0.08496344258839827
-1,-1,-1,-0.0106052506587076,0.0106052506587076,0.005,0.005605250658707601,-0.07983443332222528
0,0,1,-0.0005861722170625,-0.0,0.005,-0.005,-0.08443526115561417
0,0,0,0.0002207671007315,0.0,0.0,0.0,-0.08443526115561417
0,0,0,-0.0034885520052918,-0.0,0.0,-0.0,-0.08443526115561417
0,0,0,-0.0117638307383472,-0.0,0.0,-0.0,-0.08443526115561417
0,0,0,-0.0021279004565275,-0.0,0.0,-0.0,-0.08443526115561417
0,0,0,-0.0045858454160199,-0.0,0.0,-0.0,-0.08443526115561417
0,0,0,0.002894951305919,0.0,0.0,0.0,-0.08443526115561417
0,0,0,0.0117106512050546,0.0,0.0,0.0,-0.08443526115561417
0,0,0,0.0068720509409123,0.0,0.0,0.0,-0.08443526115561417
0,0,0,0.0097554106461838,0.0,0.0,0.0,-0.08443526115561417
0,0,0,-0.0010491633063259,-0.0,0.0,-0.0,-0.08443526115561417
0,0,0,-0.0075552859264589,-0.0,0.0,-0.0,-0.08443526115561417
0,0,0,-0.0026404058049432,-0.0,0.0,-0.0,-0.08443526115561417
0,0,0,-0.0003433818742569,-0.0,0.0,-0.0,-0.08443526115561417
0,0,0,0.0026366944601612,0.0,0.0,0.0,-0.08443526115561417
0,0,0,0.0020109476822584,0.0,0.0,0.0,-0.08443526115561417
0,0,0,0.0024806339167141,0.0,0.0,0.0,-0.08443526115561417
0,0,0,-0.0094327302476933,-0.0,0.0,-0.0,-0.08443526115561417
0,0,0,-0.003056439592693,-0.0,0.0,-0.0,-0.08443526115561417
0,0,0,-0.0060369178175114,-0.0,0.0,-0.0,-0.08443526115561417
0,0,0,-0.0116211939686946,-0.0,0.0,-0.0,-0.08443526115561417
0,0,0,0.0001917237092489,0.0,0.0,0.0,-0.08443526115561417
0,0,0,-0.0032310643972785,-0.0,0.0,-0.0,-0.08443526115561417
0,0,0,0.0037178550596838,0.0,0.0,0.0,-0.08443526115561417
0,0,0,0.0048990941972418,0.0,0.0,0.0,-0.08443526115561417
0,0,0,-0.0060099944512356,-0.0,0.0,-0.0,-0.08443526115561417
0,0,0,-0.0034069860560364,-0.0,0.0,-0.0,-0.08443526115561417
0,0,0,-0.0023581834994893,-0.0,0.0,-0.0,-0.08443526115561417
0,0,0,0.0026705144237535,0.0,0.0,0.0,-0.08443526115561417
0,0,0,0.0017101349012537,0.0,0.0,0.0,-0.08443526115561417
0,0,0,0.0072047107659637,0.0,0.0,0.0,-0.08443526115561417
0,0,0,0.0016447368676441,0.0,0.0,0.0,-0.08443526115561417
0,0,0,0.0048156287443131,0.0,0.0,0.0,-0.08443526115561417
0,0,0,-0.0006778623261532,-0.0,0.0,-0.0,-0.08443526115561417
0,0,0,-0.0063851359480927,-0.0,0.0,-0.0,-0.08443526115561417
0,0,0,-0.0110372141715688,-0.0,0.0,-0.0,-0.08443526115561417
0,0,0,-0.003745677438078,-0.0,0.0,-0.0,-0.08443526115561417
0,0,0,-0.0100855835428237,-0.0,0.0,-0.0,-0.08443526115561417
0,0,0,0.0043730432679927,0.0,0.0,0.0,-0.08443526115561417
0,0,0,-0.0079305399060038,-0.0,0.0,-0.0,-0.08443526115561417
0,0,0,-0.0140315729518287,-0.0,0.0,-0.0,-0.08443526115561417
0,0,0,0.0030695237261739,0.0,0.0,0.0,-0.08443526115561417
0,0,0,0.0066265395609601,0.0,0.0,0.0,-0.08443526115561417
0,0,0,-0.0068143277798532,-0.0,0.0,-0.0,-0.08443526115561417
0,0,0,-0.0118549572985179,-0.0,0.0,-0.0,-0.08443526115561417
0,0,0,-0.0082535115999482,-0.0,0.0,-0.0,-0.08443526115561417
0,0,0,-0.0096209165621887,-0.0,0.0,-0.0,-0.08443526115561417
0,0,0,-0.0045683361566208,-0.0,0.0,-0.0,-0.08443526115561417
0,0,0,-0.0101365890548709,-0.0,0.0,-0.0,-0.08443526115561417
0,0,0,0.0094495594445126,0.0,0.0,0.0,-0.08443526115561417
0,0,0,-0.0021229427074814,-0.0,0.0,-0.0,-0.08443526115561417
0,0,0,-0.0084750066803298,-0.0,0.0,-0.0,-0.08443526115561417
0,0,0,-0.0011841659220921,-0.0,0.0,-0.0,-0.08443526115561417
1,1,1,0.0064682458220001,0.0064682458220001,0.005,0.0014682458220001,-0.0830909870530353
1,1,0,0.0011231567465417,0.0011231567465417,0.0,0.0011231567465417,-0.08206115450917895
0,0,-1,0.0110732499255531,0.0,0.005,-0.005,-0.08665084873663309
0,0,0,0.0131549375052588,0.0,0.0,0.0,-0.08665084873663309
0,0,0,-0.0053862293195598,-0.0,0.0,-0.0,-0.08665084873663309
0,0,0,-0.0067925713527768,-0.0,0.0,-0.0,-0.08665084873663309
0,0,0,-3.026640399349931e-06,-0.0,0.0,-0.0,-0.08665084873663309
0,0,0,-0.0065627372313762,-0.0,0.0,-0.0,-0.08665084873663309
0,0,0,-0.007018376203972,-0.0,0.0,-0.0,-0.08665084873663309
0,0,0,-0.0101200141375396,-0.0,0.0,-0.0,-0.08665084873663309
1,1,1,0.0033260874926687,0.0033260874926687,0.005,-0.0016739125073313003,-0.08817971530449331
0,0,-1,0.0006370213715321,0.0,0.005,-0.005,-0.0927388167279708
0,0,0,-0.0054294733813858,-0.0,0.0,-0.0,-0.0927388167279708
0,0,0,0.0061002498743561,0.0,0.0,0.0,-0.0927388167279708
0,0,0,0.0022959658602911,0.0,0.0,0.0,-0.0927388167279708
0,0,0,-0.0042222235545516,-0.0,0.0,-0.0,-0.0927388167279708
0,0,0,-0.00415261620967,-0.0,0.0,-0.0,-0.0927388167279708
0,0,0,-0.0032718873932567,-0.0,0.0,-0.0,-0.0927388167279708
0,0,0,-0.0001593292668119,-0.0,0.0,-0.0,-0.0927388167279708
1,1,1,0.008071355541593,0.008071355541593,0.005,0.003071355541593,-0.08995229506505598
0,0,-1,-0.0007985368350763,-0.0,0.005,-0.005,-0.09450253358973071
0,0,0,0.0049869138765115,0.0,0.0,0.0,-0.09450253358973071
1,1,1,0.0002695861806867,0.0002695861806867,0.005,-0.0047304138193133005,-0.09878591131819103
0,0,-1,0.0039844065414335,0.0,0.005,-0.005,-0.10329198176160004
0,0,0,0.0037560180727419,0.0,0.0,0.0,-0.10329198176160004
1,1,1,0.0002994967482741,0.0002994967482741,0.005,-0.0047005032517259005,-0.10750696071717836
0,0,-1,-0.0072130135399958,-0.0,0.005,-0.005,-0.11196942591359249
0,0,0,-0.0060267172654399,-0.0,0.0,-0.0,-0.11196942591359249
0,0,0,0.0027605165312966,0.0,0.0,0.0,-0.11196942591359249
0,0,0,0.0071536747716856,0.0,0.0,0.0,-0.11196942591359249
0,0,0,-0.0024226103282543,-0.0,0.0,-0.0,-0.11196942591359249
0,0,0,0.0151219615928776,0.0,0.0,0.0,-0.11196942591359249
0,0,0,0.008758045226485,0.0,0.0,0.0,-0.11196942591359249
0,0,0,-0.0005988373389973,-0.0,0.0,-0.0,-0.11196942591359249
0,0,0,0.009637744260769,0.0,0.0,0.0,-0.11196942591359249
0,0,0,0.0066782017609155,0.0,0.0,0.0,-0.11196942591359249
0,0,0,-0.0038713877527088,-0.0,0.0,-0.0,-0.11196942591359249
0,0,0,-0.0066664874084615,-0.0,0.0,-0.0,-0.11196942591359249
0,0,0,0.0108641023275169,0.0,0.0,0.0,-0.11196942591359249
0,0,0,-0.0021212246461968,-0.0,0.0,-0.0,-0.11196942591359249
0,0,0,-0.0082836322800907,-0.0,0.0,-0.0,-0.11196942591359249
0,0,0,0.0045630559944104,0.0,0.0,0.0,-0.11196942591359249
1,1,1,0.0061483930647589,0.0061483930647589,0.005,0.0011483930647588998,-0.11094961776101775
0,0,-1,0.0012722852647958,0.0,0.005,-0.005,-0.11539486967221269
0,0,0,-0.0035042757735112,-0.0,0.0,-0.0,-0.11539486967221269
0,0,0,0.0012034001624223,0.0,0.0,0.0,-0.11539486967221269
0,0,0,-0.0032873888114893,-0.0,0.0,-0.0,-0.11539486967221269
0,0,0,-0.0012338038214436,-0.0,0.0,-0.0,-0.11539486967221269
0,0,0,-0.0004681668826503,-0.0,0.0,-0.0,-0.11539486967221269
0,0,0,0.0018722526559525,0.0,0.0,0.0,-0.11539486967221269
0,0,0,-0.0040568899813627,-0.0,0.0,-0.0,-0.11539486967221269
0,0,0,0.0011131900863567,0.0,0.0,0.0,-0.11539486967221269
0,0,0,-0.0147172967115004,-0.0,0.0,-0.0,-0.11539486967221269
0,0,0,0.0078917011986055,0.0,0.0,0.0,-0.11539486967221269
0,0,0,-0.0061539464672483,-0.0,0.0,-0.0,-0.11539486967221269
0,0,0,-0.0058620922795547,-0.0,0.0,-0.0,-0.11539486967221269
0,0,0,0.0015563655291123,0.0,0.0,0.0,-0.11539486967221269
0,0,0,-0.0092728995526137,-0.0,0.0,-0.0,-0.11539486967221269
0,0,0,-0.0088164838765073,-0.0,0.0,-0.0,-0.11539486967221269
0,0,0,0.0007782683722464,0.0,0.0,0.0,-0.11539486967221269
0,0,0,-0.0061972749056025,-0.0,0.0,-0.0,-0.11539486967221269
0,0,0,-0.0057024701971759,-0.0,0.0,-0.0,-0.11539486967221269
0,0,0,0.0015948781943261,0.0,0.0,0.0,-0.11539486967221269
1,1,1,0.0021641315452249,0.0021641315452249,0.005,-0.0028358684547751,-0.11790349345624151
1,1,0,-0.0079334861257596,-0.0079334861257596,0.0,-0.0079334861257596,-0.12490159385248745
0,0,-1,-0.0020245164576277,-0.0,0.005,-0.005,-0.12927708588322506
0,0,0,-0.0018400738707686,-0.0,0.0,-0.0,-0.12927708588322506
0,0,0,0.002281151540101,0.0,0.0,0.0,-0.12927708588322506
0,0,0,-0.0037110395668497,-0.0,0.0,-0.0,-0.12927708588322506
0,0,0,0.0049793585978435,0.0,0.0,0.0,-0.12927708588322506
0,0,0,0.0001331964714296,0.0,0.0,0.0,-0.12927708588322506
1,1,1,-0.0008096874761348,-0.0008096874761348,0.005,-0.0058096874761348,-0.13433571389255283
0,0,-1,0.0067700062963953,0.0,0.005,-0.005,-0.13866403532309002
0,0,0,-6.529617974470497e-06,-0.0,0.0,-0.0,-0.13866403532309002
0,0,0,0.0032413118749603,0.0,0.0,0.0,-0.13866403532309002
0,0,0,-0.0057456494107667,-0.0,0.0,-0.0,-0.13866403532309002
0,0,0,-0.0055903377730704,-0.0,0.0,-0.0,-0.13866403532309002
0,0,0,-0.0022509056629822,-0.0,0.0,-0.0,-0.13866403532309002
0,0,0,-0.0018773278719068,-0.0,0.0,-0.0,-0.13866403532309002
0,0,0,-0.0027922271958572,-0.0,0.0,-0.0,-0.13866403532309002
0,0,0,-0.0027415950652297,-0.0,0.0,-0.0,-0.13866403532309002
0,0,0,0.0041282106359775,0.0,0.0,0.0,-0.13866403532309002
0,0,0,0.0031215959866969,0.0,0.0,0.0,-0.13866403532309002
0,0,0,-0.0051246305856225,-0.0,0.0,-0.0,-0.13866403532309002
1,1,1,0.005340474917681,0.005340474917681,0.005,0.0003404749176810001,-0.138370772031421
0,0,-1,-0.0058166022412023,-0.0,0.005,-0.005,-0.14267891817126388
0,0,0,0.0082224784885258,0.0,0.0,0.0,-0.14267891817126388
0,0,0,0.006255240398787,0.0,0.0,0.0,-0.14267891817126388
0,0,0,0.0070746219278176,0.0,0.0,0.0,-0.14267891817126388
0,0,0,0.0048652366395684,0.0,0.0,0.0,-0.14267891817126388
0,0,0,0.0109726611738875,0.0,0.0,0.0,-0.14267891817126388
0,0,0,-0.006492461362583,-0.0,0.0,-0.0,-0.14267891817126388
0,0,0,0.0069915045020383,0.0,0.0,0.0,-0.14267891817126388
1,1,1,-0.0096772281996374,-0.0096772281996374,0.005,-0.0146772281996374,-0.15526201532962425
0,0,-1,-0.007604194578562,-0.0,0.005,-0.005,-0.15948570525297612
0,0,0,-0.0059580703550076,-0.0,0.0,-0.0,-0.15948570525297612
0,0,0,0.0007428940767848,0.0,0.0,0.0,-0.15948570525297612
1,1,1,-0.0013224140535809,-0.0013224140535809,0.005,-0.0063224140535809,-0.16479978464232037
1,1,0,0.0049600112404941,0.0049600112404941,0.0,0.0049600112404941,-0.16065718218608316
1,1,0,0.0027230682063485,0.0027230682063485,0.0,0.0027230682063485,-0.15837159444466709
0,0,-1,0.000720881715314,0.0,0.005,-0.005,-0.16257973647244373
0,0,0,-0.0001506322098047,-0.0,0.0,-0.0,-0.16257973647244373
0,0,0,-0.0023847090941678,-0.0,0.0,-0.0,-0.16257973647244373
0,0,0,-0.0123813058676654,-0.0,0.0,-0.0,-0.16257973647244373
0,0,0,0.006703224170371,0.0,0.0,0.0,-0.16257973647244373
0,0,0,0.0022464325466396,0.0,0.0,0.0,-0.16257973647244373
0,0,0,-0.010011854822483,-0.0,0.0,-0.0,-0.16257973647244373
0,0,0,0.0106441060441899,0.0,0.0,0.0,-0.16257973647244373
0,0,0,0.0049567936950008,0.0,0.0,0.0,-0.16257973647244373
0,0,0,0.0008099761975044,0.0,0.0,0.0,-0.16257973647244373
0,0,0,0.0002241194374661,0.0,0.0,0.0,-0.16257973647244373
1,1,1,-0.0048475424916849,-0.0048475424916849,0.005,-0.0098475424916849,-0.17082626810092927
0,0,-1,0.0037279319306541,0.0,0.005,-0.005,-0.17497213676042467
0,0,0,0.0083817562365674,0.0,0.0,0.0,-0.17497213676042467
0,0,0,-0.0052111117090274,-0.0,0.0,-0.0,-0.17497213676042467
0,0,0,-0.0006149545407224,-0.0,0.0,-0.0,-0.17497213676042467
0,0,0,-0.0123769626554753,-0.0,0.0,-0.0,-0.17497213676042467
0,0,0,5.934608069521673e-05,0.0,0.0,0.0,-0.17497213676042467
1,1,1,0.005056815412811,0.005056815412811,0.005,5.6815412810999784e-05,-0.17492526246179407
0,0,-1,-0.0009071694519165,-0.0,0.005,-0.005,-0.17905063614948513
